{
  "355 West Queens Road\nNorth Vancouver, BC V7N 4N5": [
    -123.0737925,
    49.3206294
  ],
  "5151 State University Drive\nLos Angeles, CA 90032": [
    -118.1671415,
    34.0664949
  ],
  "1155 Union Circle\nDenton, Texas 76203-5017": [
    -97.1514762,
    33.2098926
  ],
  "801 228th Avenue SE\nSammamish, WA 98075": [
    -122.0416844,
    47.6017554
  ],
  "1109 Geddes Ave., Ann Arbor, MI 48109-1079": null,
  "1231 Washington St NE Minneapolis, MN 55413": [
    -1.9001993,
    52.4799005
  ],
  "501 20th St. Greeley, CO 80639": [
    -104.7017242,
    40.4028503
  ],
  "17-19 View Rd, London N6 4DJ, United Kingdom": null,
  "2110 Rue Bélanger, Montréal, QC H2G 1C2, Canada": [
    -64.483515,
    48.8295949
  ],
  "University of Exeter\nStreatham Campus\nNorthcote House\nExeter EX4 4QJ": [
    -75.8307357,
    40.3164553
  ],
  "301 W. Second St., Austin, Texas 78701": null,
  "333 N. College Way\nClaremont, CA 91711": [
    -117.7117275,
    34.0974775
  ],
  "73 Queen's Park Crescent\nToronto, ON\nM5S 1K7": null,
  "1218 Prospect Pl, Brooklyn, NY 11213": [
    -73.9792716,
    40.7288192
  ],
  "4525 SE DIVISION ST\nPORTLAND, OR 97206": [
    -122.6732913,
    45.5217396
  ],
  "1100 4th Street SW\nWashington, DC 20024": null,
  "Gower Street, London, WC1E 6BT": null,
  "900 University Ave.\nRiverside, CA 92521": [
    -117.3398097,
    33.9642576
  ],
  "345 Monmouth Ave. N.\nMonmouth OR 97361": [
    -123.2415064,
    44.8530112
  ],
  "300 South 6th Street\nMinneapolis, MN 55487": [
    -93.4865052,
    45.0257232
  ],
  "450 Jane Stanford Way, Stanford, CA 94305": [
    -122.1693654,
    37.4313138
  ],
  "90 Bell Street, Coburg Vic. 3058, Australia": null,
  "Pl. Sant Jaume, 1, 08002 Barcelona": [
    -121.4579869,
    37.7323608
  ],
  "Amstel 1, 1011 PN Amsterdam, Netherlands": [
    4.8924534,
    52.3730796
  ],
  "8300 Santa Monica Boulevard\nWest Hollywood, CA 90069": [
    -118.3692894,
    34.0923014
  ],
  "216 Ontario Street\nKingston, ON, Canada  K7L 2Z3": [
    -76.4283781,
    44.3054151
  ],
  "Pohjoisesplanadi 11-13, 00170 Helsinki, Finland": [
    24.8695565,
    60.3045338
  ],
  "2 Wellington St W, Brampton, ON L6Y 4R2, Canada": [
    -79.7599366,
    43.685832
  ],
  "2180 Milvia St, Berkeley, CA 94704": [
    -122.272863,
    37.8708393
  ],
  "500 W Temple St, Los Angeles, CA 90012": [
    -118.209681,
    34.3155072
  ],
  "425 7th St, San Francisco, CA 94103": null,
  "1001 Potrero Ave, San Francisco, CA 94110": [
    -122.4052532,
    37.7568103
  ],
  "Züricher Str. 7, 60437 Frankfurt am Main, Germany": [
    8.3714213,
    50.0580184
  ],
  "2711 Wilson Blvd, Arlington, VA 22201": [
    -77.091012,
    38.8896232
  ],
  "1710 W Magnolia Blvd, Burbank, CA 91506": [
    -118.3916627,
    33.8393004
  ],
  "4765 Voltaire St, San Diego, CA 92107": [
    -117.242901,
    32.7495327
  ],
  "111 8th Ave, New York, NY 10011": [
    -122.084614,
    37.4217636
  ]
}